{
  "FileName": "dYpO8HgGoA.jpg",
  "FilePath": "Q:\\ShareX\\Capturas\\dYpO8HgGoA.jpg",
  "DateTime": "2025-01-31T12:49:16.2687377-04:00",
  "Type": "Image",
  "Host": ""
},
{
  "FileName": "hukTukVjsW.jpg",
  "FilePath": "Q:\\ShareX\\Capturas\\hukTukVjsW.jpg",
  "DateTime": "2025-01-31T12:49:33.0783541-04:00",
  "Type": "Image",
  "Host": ""
},
{
  "FileName": "hg1wG21BwF.jpg",
  "FilePath": "Q:\\ShareX\\Capturas\\hg1wG21BwF.jpg",
  "DateTime": "2025-01-31T12:50:55.4605713-04:00",
  "Type": "Image",
  "Host": ""
},
{
  "FileName": "zEX8PrAlay.jpg",
  "FilePath": "Q:\\ShareX\\Capturas\\zEX8PrAlay.jpg",
  "DateTime": "2025-01-31T12:54:53.5038691-04:00",
  "Type": "Image",
  "Host": ""
},
{
  "FileName": "UVDYlP2waf.jpg",
  "FilePath": "Q:\\ShareX\\Capturas\\UVDYlP2waf.jpg",
  "DateTime": "2025-01-31T13:06:45.1894265-04:00",
  "Type": "Image",
  "Host": ""
},
{
  "FileName": "HiAsFyyOPR.jpg",
  "FilePath": "Q:\\ShareX\\Capturas\\HiAsFyyOPR.jpg",
  "DateTime": "2025-01-31T13:17:56.9401735-04:00",
  "Type": "Image",
  "Host": ""
},
{
  "FileName": "YMpzZun8jX.jpg",
  "FilePath": "Q:\\ShareX\\Capturas\\YMpzZun8jX.jpg",
  "DateTime": "2025-01-31T13:18:04.1450735-04:00",
  "Type": "Image",
  "Host": ""
},
{
  "FileName": "M5aZtlAZWH.jpg",
  "FilePath": "Q:\\ShareX\\Capturas\\M5aZtlAZWH.jpg",
  "DateTime": "2025-01-31T13:18:13.8763847-04:00",
  "Type": "Image",
  "Host": ""
},
{
  "FileName": "wiShiNnj2m.jpg",
  "FilePath": "Q:\\ShareX\\Capturas\\wiShiNnj2m.jpg",
  "DateTime": "2025-01-31T13:18:20.5411037-04:00",
  "Type": "Image",
  "Host": ""
},
{
  "FileName": "5Jvsz1pE0X.jpg",
  "FilePath": "Q:\\ShareX\\Capturas\\5Jvsz1pE0X.jpg",
  "DateTime": "2025-01-31T13:24:47.9294231-04:00",
  "Type": "Image",
  "Host": ""
},
{
  "FileName": "zgX2If96ZK.jpg",
  "FilePath": "Q:\\ShareX\\Capturas\\zgX2If96ZK.jpg",
  "DateTime": "2025-01-31T13:24:53.3367259-04:00",
  "Type": "Image",
  "Host": ""
},
{
  "FileName": "BupS8pis1W.jpg",
  "FilePath": "Q:\\ShareX\\Capturas\\BupS8pis1W.jpg",
  "DateTime": "2025-01-31T13:25:32.8456555-04:00",
  "Type": "Image",
  "Host": ""
},
{
  "FileName": "g2U7v3vFlk.jpg",
  "FilePath": "Q:\\ShareX\\Capturas\\g2U7v3vFlk.jpg",
  "DateTime": "2025-01-31T13:30:42.4713829-04:00",
  "Type": "Image",
  "Host": ""
},
{
  "FileName": "sFASO0Wpjv.jpg",
  "FilePath": "Q:\\ShareX\\Capturas\\sFASO0Wpjv.jpg",
  "DateTime": "2025-01-31T13:30:56.7540318-04:00",
  "Type": "Image",
  "Host": ""
},
{
  "FileName": "YeVyuFbqPs.jpg",
  "FilePath": "Q:\\ShareX\\Capturas\\YeVyuFbqPs.jpg",
  "DateTime": "2025-01-31T13:31:02.62166-04:00",
  "Type": "Image",
  "Host": ""
},
{
  "FileName": "YBKhFYlbEN.jpg",
  "FilePath": "Q:\\ShareX\\Capturas\\YBKhFYlbEN.jpg",
  "DateTime": "2025-01-31T13:31:17.0529344-04:00",
  "Type": "Image",
  "Host": ""
},
{
  "FileName": "L6hKIM0mY7.jpg",
  "FilePath": "Q:\\ShareX\\Capturas\\L6hKIM0mY7.jpg",
  "DateTime": "2025-01-31T13:31:27.0623036-04:00",
  "Type": "Image",
  "Host": ""
},
{
  "FileName": "QC2cZma69O.jpg",
  "FilePath": "Q:\\ShareX\\Capturas\\QC2cZma69O.jpg",
  "DateTime": "2025-01-31T13:32:09.9817713-04:00",
  "Type": "Image",
  "Host": ""
},
{
  "FileName": "NJSSv2r58m.jpg",
  "FilePath": "Q:\\ShareX\\Capturas\\NJSSv2r58m.jpg",
  "DateTime": "2025-01-31T13:34:40.35106-04:00",
  "Type": "Image",
  "Host": ""
},
{
  "FileName": "aQAUlHZN8o.jpg",
  "FilePath": "Q:\\ShareX\\Capturas\\aQAUlHZN8o.jpg",
  "DateTime": "2025-01-31T14:04:42.6607868-04:00",
  "Type": "Image",
  "Host": ""
},
{
  "FileName": "M3LwrFMPZi.jpg",
  "FilePath": "Q:\\ShareX\\Capturas\\M3LwrFMPZi.jpg",
  "DateTime": "2025-01-31T14:05:31.1597752-04:00",
  "Type": "Image",
  "Host": ""
},
{
  "FileName": "97P0MzIUnF.jpg",
  "FilePath": "Q:\\ShareX\\Capturas\\97P0MzIUnF.jpg",
  "DateTime": "2025-01-31T14:16:26.4739633-04:00",
  "Type": "Image",
  "Host": ""
},
{
  "FileName": "0H1btP2xKK.jpg",
  "FilePath": "Q:\\ShareX\\Capturas\\0H1btP2xKK.jpg",
  "DateTime": "2025-01-31T14:22:25.1693311-04:00",
  "Type": "Image",
  "Host": ""
},
{
  "FileName": "qmxJy4iGvK.jpg",
  "FilePath": "Q:\\ShareX\\Capturas\\qmxJy4iGvK.jpg",
  "DateTime": "2025-01-31T14:24:04.9925247-04:00",
  "Type": "Image",
  "Host": ""
},
{
  "FileName": "9tC8YKNnlv.jpg",
  "FilePath": "Q:\\ShareX\\Capturas\\9tC8YKNnlv.jpg",
  "DateTime": "2025-01-31T14:24:27.1549359-04:00",
  "Type": "Image",
  "Host": ""
},
{
  "FileName": "zz09HEJfD5.jpg",
  "FilePath": "Q:\\ShareX\\Capturas\\zz09HEJfD5.jpg",
  "DateTime": "2025-01-31T14:24:31.9481885-04:00",
  "Type": "Image",
  "Host": ""
},
{
  "FileName": "L77K64LFqx.jpg",
  "FilePath": "Q:\\ShareX\\Capturas\\L77K64LFqx.jpg",
  "DateTime": "2025-01-31T14:24:37.3330834-04:00",
  "Type": "Image",
  "Host": ""
},
{
  "FileName": "P6UHrDp5p2.jpg",
  "FilePath": "Q:\\ShareX\\Capturas\\P6UHrDp5p2.jpg",
  "DateTime": "2025-01-31T14:24:43.2671771-04:00",
  "Type": "Image",
  "Host": ""
},
{
  "FileName": "Y10D3pYV3d.jpg",
  "FilePath": "Q:\\ShareX\\Capturas\\Y10D3pYV3d.jpg",
  "DateTime": "2025-01-31T14:24:56.2004918-04:00",
  "Type": "Image",
  "Host": ""
},
{
  "FileName": "yq7oxzCTqr.jpg",
  "FilePath": "Q:\\ShareX\\Capturas\\yq7oxzCTqr.jpg",
  "DateTime": "2025-01-31T14:28:09.8914801-04:00",
  "Type": "Image",
  "Host": ""
},
{
  "FileName": "zr18QbbGUG.jpg",
  "FilePath": "Q:\\ShareX\\Capturas\\zr18QbbGUG.jpg",
  "DateTime": "2025-01-31T14:30:06.5312146-04:00",
  "Type": "Image",
  "Host": ""
},
{
  "FileName": "LezWLftHcr.jpg",
  "FilePath": "Q:\\ShareX\\Capturas\\LezWLftHcr.jpg",
  "DateTime": "2025-01-31T14:31:12.3085257-04:00",
  "Type": "Image",
  "Host": ""
},
{
  "FileName": "Sz5hYQpOph.jpg",
  "FilePath": "Q:\\ShareX\\Capturas\\Sz5hYQpOph.jpg",
  "DateTime": "2025-01-31T14:34:46.7390377-04:00",
  "Type": "Image",
  "Host": ""
},
{
  "FileName": "adPrO4uKP3.jpg",
  "FilePath": "Q:\\ShareX\\Capturas\\adPrO4uKP3.jpg",
  "DateTime": "2025-01-31T14:52:50.8556125-04:00",
  "Type": "Image",
  "Host": ""
},
{
  "FileName": "u88UDHyWqg.jpg",
  "FilePath": "Q:\\ShareX\\Capturas\\u88UDHyWqg.jpg",
  "DateTime": "2025-01-31T14:57:28.889195-04:00",
  "Type": "Image",
  "Host": ""
},
{
  "FileName": "OWfgEN3iec.jpg",
  "FilePath": "Q:\\ShareX\\Capturas\\OWfgEN3iec.jpg",
  "DateTime": "2025-01-31T14:58:09.3437811-04:00",
  "Type": "Image",
  "Host": ""
},
{
  "FileName": "8QpVeZmZvp.jpg",
  "FilePath": "Q:\\ShareX\\Capturas\\8QpVeZmZvp.jpg",
  "DateTime": "2025-01-31T14:59:12.0635591-04:00",
  "Type": "Image",
  "Host": ""
},
{
  "FileName": "9DmjtJg1M9.jpg",
  "FilePath": "Q:\\ShareX\\Capturas\\9DmjtJg1M9.jpg",
  "DateTime": "2025-01-31T14:59:25.1863226-04:00",
  "Type": "Image",
  "Host": ""
},
{
  "FileName": "lHXsatGqBz.jpg",
  "FilePath": "Q:\\ShareX\\Capturas\\lHXsatGqBz.jpg",
  "DateTime": "2025-01-31T15:01:08.6614452-04:00",
  "Type": "Image",
  "Host": ""
},
{
  "FileName": "FrhXWcGT2H.jpg",
  "FilePath": "Q:\\ShareX\\Capturas\\FrhXWcGT2H.jpg",
  "DateTime": "2025-01-31T15:01:15.5309145-04:00",
  "Type": "Image",
  "Host": ""
},
{
  "FileName": "5lswCbS6Wp.jpg",
  "FilePath": "Q:\\ShareX\\Capturas\\5lswCbS6Wp.jpg",
  "DateTime": "2025-01-31T15:01:25.6518836-04:00",
  "Type": "Image",
  "Host": ""
},
{
  "FileName": "kxjrkxcrd5.jpg",
  "FilePath": "Q:\\ShareX\\Capturas\\kxjrkxcrd5.jpg",
  "DateTime": "2025-01-31T15:05:32.4525724-04:00",
  "Type": "Image",
  "Host": ""
},
{
  "FileName": "x1LA8LhubH.jpg",
  "FilePath": "Q:\\ShareX\\Capturas\\x1LA8LhubH.jpg",
  "DateTime": "2025-01-31T15:48:12.1202092-04:00",
  "Type": "Image",
  "Host": ""
},
{
  "FileName": "j5hl3Yf7Jw.jpg",
  "FilePath": "Q:\\ShareX\\Capturas\\j5hl3Yf7Jw.jpg",
  "DateTime": "2025-01-31T15:48:54.0531101-04:00",
  "Type": "Image",
  "Host": ""
},
{
  "FileName": "Pm7T6PsW8k.jpg",
  "FilePath": "Q:\\ShareX\\Capturas\\Pm7T6PsW8k.jpg",
  "DateTime": "2025-01-31T15:52:32.5811102-04:00",
  "Type": "Image",
  "Host": ""
},
{
  "FileName": "mumPXHZDOQ.jpg",
  "FilePath": "Q:\\ShareX\\Capturas\\mumPXHZDOQ.jpg",
  "DateTime": "2025-01-31T15:52:59.1892167-04:00",
  "Type": "Image",
  "Host": ""
},
{
  "FileName": "zbuxWrZlde.jpg",
  "FilePath": "Q:\\ShareX\\Capturas\\zbuxWrZlde.jpg",
  "DateTime": "2025-01-31T15:53:04.7659726-04:00",
  "Type": "Image",
  "Host": ""
},
{
  "FileName": "k5CBZRS1Aa.jpg",
  "FilePath": "Q:\\ShareX\\Capturas\\k5CBZRS1Aa.jpg",
  "DateTime": "2025-01-31T16:02:29.0900049-04:00",
  "Type": "Image",
  "Host": ""
},
{
  "FileName": "X51L0nQpTx.jpg",
  "FilePath": "Q:\\ShareX\\Capturas\\X51L0nQpTx.jpg",
  "DateTime": "2025-01-31T16:03:39.6095589-04:00",
  "Type": "Image",
  "Host": ""
},
{
  "FileName": "IURsPCwN8Q.jpg",
  "FilePath": "Q:\\ShareX\\Capturas\\IURsPCwN8Q.jpg",
  "DateTime": "2025-01-31T16:04:38.2155229-04:00",
  "Type": "Image",
  "Host": ""
},
{
  "FileName": "kfNrMSv5fr.jpg",
  "FilePath": "Q:\\ShareX\\Capturas\\kfNrMSv5fr.jpg",
  "DateTime": "2025-01-31T16:13:40.8932561-04:00",
  "Type": "Image",
  "Host": ""
},
{
  "FileName": "N2KrjmH0NO.jpg",
  "FilePath": "Q:\\ShareX\\Capturas\\N2KrjmH0NO.jpg",
  "DateTime": "2025-01-31T16:16:59.9612214-04:00",
  "Type": "Image",
  "Host": ""
},
{
  "FileName": "rCgHZ1sv0A.jpg",
  "FilePath": "Q:\\ShareX\\Capturas\\rCgHZ1sv0A.jpg",
  "DateTime": "2025-01-31T16:25:41.0178915-04:00",
  "Type": "Image",
  "Host": ""
},
{
  "FileName": "m8ELKaDACp.jpg",
  "FilePath": "Q:\\ShareX\\Capturas\\m8ELKaDACp.jpg",
  "DateTime": "2025-01-31T16:48:49.570421-04:00",
  "Type": "Image",
  "Host": ""
},
{
  "FileName": "BHhve2nfjB.jpg",
  "FilePath": "Q:\\ShareX\\Capturas\\BHhve2nfjB.jpg",
  "DateTime": "2025-01-31T16:49:08.0572974-04:00",
  "Type": "Image",
  "Host": ""
},
{
  "FileName": "RCA9SZk4Ji.jpg",
  "FilePath": "Q:\\ShareX\\Capturas\\RCA9SZk4Ji.jpg",
  "DateTime": "2025-01-31T16:49:22.0405404-04:00",
  "Type": "Image",
  "Host": ""
},
{
  "FileName": "Qtu9e5nUHC.jpg",
  "FilePath": "Q:\\ShareX\\Capturas\\Qtu9e5nUHC.jpg",
  "DateTime": "2025-01-31T16:49:41.2587564-04:00",
  "Type": "Image",
  "Host": ""
},
{
  "FileName": "R2PrAgfRJr.jpg",
  "FilePath": "Q:\\ShareX\\Capturas\\R2PrAgfRJr.jpg",
  "DateTime": "2025-01-31T16:49:57.9510862-04:00",
  "Type": "Image",
  "Host": ""
},
{
  "FileName": "XaquTkUWgP.jpg",
  "FilePath": "Q:\\ShareX\\Capturas\\XaquTkUWgP.jpg",
  "DateTime": "2025-01-31T16:50:03.5469269-04:00",
  "Type": "Image",
  "Host": ""
},
{
  "FileName": "oBrnz6YClt.jpg",
  "FilePath": "Q:\\ShareX\\Capturas\\oBrnz6YClt.jpg",
  "DateTime": "2025-01-31T16:50:09.3218981-04:00",
  "Type": "Image",
  "Host": ""
},
{
  "FileName": "6AaTr2g4xW.jpg",
  "FilePath": "Q:\\ShareX\\Capturas\\6AaTr2g4xW.jpg",
  "DateTime": "2025-01-31T16:50:50.0909228-04:00",
  "Type": "Image",
  "Host": ""
},
{
  "FileName": "bcLbUeV0oo.jpg",
  "FilePath": "Q:\\ShareX\\Capturas\\bcLbUeV0oo.jpg",
  "DateTime": "2025-01-31T16:50:55.4285052-04:00",
  "Type": "Image",
  "Host": ""
},
{
  "FileName": "4pUfWrLfU5.jpg",
  "FilePath": "Q:\\ShareX\\Capturas\\4pUfWrLfU5.jpg",
  "DateTime": "2025-01-31T16:51:19.6331917-04:00",
  "Type": "Image",
  "Host": ""
},
{
  "FileName": "DnzmxZDW8R.jpg",
  "FilePath": "Q:\\ShareX\\Capturas\\DnzmxZDW8R.jpg",
  "DateTime": "2025-01-31T16:51:52.341246-04:00",
  "Type": "Image",
  "Host": ""
},
{
  "FileName": "rP8kcLdrXX.jpg",
  "FilePath": "Q:\\ShareX\\Capturas\\rP8kcLdrXX.jpg",
  "DateTime": "2025-01-31T16:52:40.2809567-04:00",
  "Type": "Image",
  "Host": ""
},
{
  "FileName": "SiQ1MNzZ5e.jpg",
  "FilePath": "Q:\\ShareX\\Capturas\\SiQ1MNzZ5e.jpg",
  "DateTime": "2025-01-31T16:53:48.4443223-04:00",
  "Type": "Image",
  "Host": ""
},
{
  "FileName": "296BsUGg2b.jpg",
  "FilePath": "Q:\\ShareX\\Capturas\\296BsUGg2b.jpg",
  "DateTime": "2025-01-31T16:53:53.9266512-04:00",
  "Type": "Image",
  "Host": ""
},
{
  "FileName": "x7M5XYkMaJ.jpg",
  "FilePath": "Q:\\ShareX\\Capturas\\x7M5XYkMaJ.jpg",
  "DateTime": "2025-01-31T16:54:26.5061183-04:00",
  "Type": "Image",
  "Host": ""
},
{
  "FileName": "ZnrnPFFrYp.jpg",
  "FilePath": "Q:\\ShareX\\Capturas\\ZnrnPFFrYp.jpg",
  "DateTime": "2025-01-31T16:55:48.8961357-04:00",
  "Type": "Image",
  "Host": ""
},
{
  "FileName": "GnHdTFbPFd.jpg",
  "FilePath": "Q:\\ShareX\\Capturas\\GnHdTFbPFd.jpg",
  "DateTime": "2025-01-31T16:56:23.3096245-04:00",
  "Type": "Image",
  "Host": ""
},
{
  "FileName": "4Kg0D1MkAd.jpg",
  "FilePath": "Q:\\ShareX\\Capturas\\4Kg0D1MkAd.jpg",
  "DateTime": "2025-01-31T16:57:42.4794569-04:00",
  "Type": "Image",
  "Host": ""
},
{
  "FileName": "lzx3JqgZmM.jpg",
  "FilePath": "Q:\\ShareX\\Capturas\\lzx3JqgZmM.jpg",
  "DateTime": "2025-01-31T16:58:20.0460496-04:00",
  "Type": "Image",
  "Host": ""
},
{
  "FileName": "fWU2vIekjX.jpg",
  "FilePath": "Q:\\ShareX\\Capturas\\fWU2vIekjX.jpg",
  "DateTime": "2025-01-31T16:58:55.4855864-04:00",
  "Type": "Image",
  "Host": ""
},
{
  "FileName": "dxP3CvyRQU.jpg",
  "FilePath": "Q:\\ShareX\\Capturas\\dxP3CvyRQU.jpg",
  "DateTime": "2025-01-31T17:01:53.4068758-04:00",
  "Type": "Image",
  "Host": ""
},
{
  "FileName": "RWffzCUfGl.jpg",
  "FilePath": "Q:\\ShareX\\Capturas\\RWffzCUfGl.jpg",
  "DateTime": "2025-01-31T17:01:59.8485731-04:00",
  "Type": "Image",
  "Host": ""
},
{
  "FileName": "KNjDaTit5x.jpg",
  "FilePath": "Q:\\ShareX\\Capturas\\KNjDaTit5x.jpg",
  "DateTime": "2025-01-31T17:02:15.9533739-04:00",
  "Type": "Image",
  "Host": ""
},
{
  "FileName": "FRsMFAS8ys.jpg",
  "FilePath": "Q:\\ShareX\\Capturas\\FRsMFAS8ys.jpg",
  "DateTime": "2025-01-31T17:02:28.8830681-04:00",
  "Type": "Image",
  "Host": ""
},
{
  "FileName": "sdwOsDM6mJ.jpg",
  "FilePath": "Q:\\ShareX\\Capturas\\sdwOsDM6mJ.jpg",
  "DateTime": "2025-01-31T17:10:06.8845947-04:00",
  "Type": "Image",
  "Host": ""
},
{
  "FileName": "BoacWYtWgt.jpg",
  "FilePath": "Q:\\ShareX\\Capturas\\BoacWYtWgt.jpg",
  "DateTime": "2025-01-31T17:10:33.6739583-04:00",
  "Type": "Image",
  "Host": ""
},
{
  "FileName": "kHq6ueOhEn.jpg",
  "FilePath": "Q:\\ShareX\\Capturas\\kHq6ueOhEn.jpg",
  "DateTime": "2025-01-31T17:10:42.4696637-04:00",
  "Type": "Image",
  "Host": ""
},
{
  "FileName": "mVWBt9XmBT.jpg",
  "FilePath": "Q:\\ShareX\\Capturas\\mVWBt9XmBT.jpg",
  "DateTime": "2025-01-31T17:10:43.089995-04:00",
  "Type": "Image",
  "Host": ""
},
{
  "FileName": "rq2VTjAcOe.jpg",
  "FilePath": "Q:\\ShareX\\Capturas\\rq2VTjAcOe.jpg",
  "DateTime": "2025-01-31T17:10:52.7672477-04:00",
  "Type": "Image",
  "Host": ""
},
{
  "FileName": "HnPbKNCU1u.jpg",
  "FilePath": "Q:\\ShareX\\Capturas\\HnPbKNCU1u.jpg",
  "DateTime": "2025-01-31T17:11:09.6346952-04:00",
  "Type": "Image",
  "Host": ""
},
{
  "FileName": "9hpwzRTDcl.jpg",
  "FilePath": "Q:\\ShareX\\Capturas\\9hpwzRTDcl.jpg",
  "DateTime": "2025-01-31T17:11:14.0820431-04:00",
  "Type": "Image",
  "Host": ""
},
{
  "FileName": "7c9ACAPIBy.jpg",
  "FilePath": "Q:\\ShareX\\Capturas\\7c9ACAPIBy.jpg",
  "DateTime": "2025-01-31T17:11:39.6496858-04:00",
  "Type": "Image",
  "Host": ""
},
{
  "FileName": "ELbs5LPuCd.jpg",
  "FilePath": "Q:\\ShareX\\Capturas\\ELbs5LPuCd.jpg",
  "DateTime": "2025-01-31T17:12:14.7610646-04:00",
  "Type": "Image",
  "Host": ""
},
{
  "FileName": "Lm5rYAo9yH.jpg",
  "FilePath": "Q:\\ShareX\\Capturas\\Lm5rYAo9yH.jpg",
  "DateTime": "2025-01-31T17:12:51.2819389-04:00",
  "Type": "Image",
  "Host": ""
},
{
  "FileName": "TxhgeJAN5R.jpg",
  "FilePath": "Q:\\ShareX\\Capturas\\TxhgeJAN5R.jpg",
  "DateTime": "2025-01-31T17:13:29.0174739-04:00",
  "Type": "Image",
  "Host": ""
},
{
  "FileName": "Gsn32BoFzl.jpg",
  "FilePath": "Q:\\ShareX\\Capturas\\Gsn32BoFzl.jpg",
  "DateTime": "2025-01-31T17:13:53.8600339-04:00",
  "Type": "Image",
  "Host": ""
},
{
  "FileName": "Te7QFZCHLX.jpg",
  "FilePath": "Q:\\ShareX\\Capturas\\Te7QFZCHLX.jpg",
  "DateTime": "2025-01-31T17:14:07.9457381-04:00",
  "Type": "Image",
  "Host": ""
},
{
  "FileName": "I64w7IeuPW.jpg",
  "FilePath": "Q:\\ShareX\\Capturas\\I64w7IeuPW.jpg",
  "DateTime": "2025-01-31T17:15:15.1172533-04:00",
  "Type": "Image",
  "Host": ""
},
{
  "FileName": "WVBBxQxHKv.jpg",
  "FilePath": "Q:\\ShareX\\Capturas\\WVBBxQxHKv.jpg",
  "DateTime": "2025-01-31T17:16:35.0733064-04:00",
  "Type": "Image",
  "Host": ""
},
{
  "FileName": "VmGfGThbR4.jpg",
  "FilePath": "Q:\\ShareX\\Capturas\\VmGfGThbR4.jpg",
  "DateTime": "2025-01-31T17:16:48.216117-04:00",
  "Type": "Image",
  "Host": ""
},
{
  "FileName": "0DbPfM9pzI.jpg",
  "FilePath": "Q:\\ShareX\\Capturas\\0DbPfM9pzI.jpg",
  "DateTime": "2025-01-31T17:17:47.7434467-04:00",
  "Type": "Image",
  "Host": ""
},
{
  "FileName": "8zAd1jHAOR.jpg",
  "FilePath": "Q:\\ShareX\\Capturas\\8zAd1jHAOR.jpg",
  "DateTime": "2025-01-31T17:19:01.1978886-04:00",
  "Type": "Image",
  "Host": ""
},
{
  "FileName": "gOeLVmNwuE.jpg",
  "FilePath": "Q:\\ShareX\\Capturas\\gOeLVmNwuE.jpg",
  "DateTime": "2025-01-31T17:19:24.0865441-04:00",
  "Type": "Image",
  "Host": ""
},
{
  "FileName": "U87S1hrVZW.jpg",
  "FilePath": "Q:\\ShareX\\Capturas\\U87S1hrVZW.jpg",
  "DateTime": "2025-01-31T17:19:31.678303-04:00",
  "Type": "Image",
  "Host": ""
},
{
  "FileName": "V2f7uuKBMM.jpg",
  "FilePath": "Q:\\ShareX\\Capturas\\V2f7uuKBMM.jpg",
  "DateTime": "2025-01-31T17:19:39.5139076-04:00",
  "Type": "Image",
  "Host": ""
},
{
  "FileName": "ltQAcjZj8g.jpg",
  "FilePath": "Q:\\ShareX\\Capturas\\ltQAcjZj8g.jpg",
  "DateTime": "2025-01-31T17:20:13.4505084-04:00",
  "Type": "Image",
  "Host": ""
},
{
  "FileName": "og2sjE3S9I.jpg",
  "FilePath": "Q:\\ShareX\\Capturas\\og2sjE3S9I.jpg",
  "DateTime": "2025-01-31T17:20:19.4164886-04:00",
  "Type": "Image",
  "Host": ""
},
{
  "FileName": "Di1MmRVq32.jpg",
  "FilePath": "Q:\\ShareX\\Capturas\\Di1MmRVq32.jpg",
  "DateTime": "2025-01-31T17:20:25.6726465-04:00",
  "Type": "Image",
  "Host": ""
},
{
  "FileName": "KPRJJ7r9Es.jpg",
  "FilePath": "Q:\\ShareX\\Capturas\\KPRJJ7r9Es.jpg",
  "DateTime": "2025-01-31T17:20:39.8744008-04:00",
  "Type": "Image",
  "Host": ""
},
{
  "FileName": "X4NSpL912P.jpg",
  "FilePath": "Q:\\ShareX\\Capturas\\X4NSpL912P.jpg",
  "DateTime": "2025-01-31T17:21:04.511469-04:00",
  "Type": "Image",
  "Host": ""
},
{
  "FileName": "Unheh8JugV.jpg",
  "FilePath": "Q:\\ShareX\\Capturas\\Unheh8JugV.jpg",
  "DateTime": "2025-01-31T17:21:12.2502111-04:00",
  "Type": "Image",
  "Host": ""
},
{
  "FileName": "CxvctAdW2p.jpg",
  "FilePath": "Q:\\ShareX\\Capturas\\CxvctAdW2p.jpg",
  "DateTime": "2025-01-31T17:21:23.3212011-04:00",
  "Type": "Image",
  "Host": ""
},
{
  "FileName": "c4wa3Fb7cn.jpg",
  "FilePath": "Q:\\ShareX\\Capturas\\c4wa3Fb7cn.jpg",
  "DateTime": "2025-01-31T17:21:30.5321077-04:00",
  "Type": "Image",
  "Host": ""
},
{
  "FileName": "gLkCsUA5dP.jpg",
  "FilePath": "Q:\\ShareX\\Capturas\\gLkCsUA5dP.jpg",
  "DateTime": "2025-01-31T17:21:48.2753109-04:00",
  "Type": "Image",
  "Host": ""
},
{
  "FileName": "XldHShOimJ.jpg",
  "FilePath": "Q:\\ShareX\\Capturas\\XldHShOimJ.jpg",
  "DateTime": "2025-01-31T17:22:00.1885923-04:00",
  "Type": "Image",
  "Host": ""
},
{
  "FileName": "8QQabRjoQr.jpg",
  "FilePath": "Q:\\ShareX\\Capturas\\8QQabRjoQr.jpg",
  "DateTime": "2025-01-31T17:22:10.6473147-04:00",
  "Type": "Image",
  "Host": ""
},
{
  "FileName": "TzrRgIVJn8.jpg",
  "FilePath": "Q:\\ShareX\\Capturas\\TzrRgIVJn8.jpg",
  "DateTime": "2025-01-31T17:22:18.0516282-04:00",
  "Type": "Image",
  "Host": ""
},
{
  "FileName": "RXzUop5aLu.jpg",
  "FilePath": "Q:\\ShareX\\Capturas\\RXzUop5aLu.jpg",
  "DateTime": "2025-01-31T17:22:25.573023-04:00",
  "Type": "Image",
  "Host": ""
},
{
  "FileName": "jp9txMCknF.jpg",
  "FilePath": "Q:\\ShareX\\Capturas\\jp9txMCknF.jpg",
  "DateTime": "2025-01-31T17:22:31.1178829-04:00",
  "Type": "Image",
  "Host": ""
},
{
  "FileName": "jrrQMvMTDT.jpg",
  "FilePath": "Q:\\ShareX\\Capturas\\jrrQMvMTDT.jpg",
  "DateTime": "2025-01-31T17:22:57.3617732-04:00",
  "Type": "Image",
  "Host": ""
},
{
  "FileName": "GJOYZGs8uT.jpg",
  "FilePath": "Q:\\ShareX\\Capturas\\GJOYZGs8uT.jpg",
  "DateTime": "2025-01-31T17:26:35.0345682-04:00",
  "Type": "Image",
  "Host": ""
},
{
  "FileName": "oY5LSZMfoi.jpg",
  "FilePath": "Q:\\ShareX\\Capturas\\oY5LSZMfoi.jpg",
  "DateTime": "2025-01-31T17:26:43.6125592-04:00",
  "Type": "Image",
  "Host": ""
},
{
  "FileName": "ykjGFs33Vc.jpg",
  "FilePath": "Q:\\ShareX\\Capturas\\ykjGFs33Vc.jpg",
  "DateTime": "2025-01-31T17:26:51.9529353-04:00",
  "Type": "Image",
  "Host": ""
},
{
  "FileName": "OzpCGZ4UMR.jpg",
  "FilePath": "Q:\\ShareX\\Capturas\\OzpCGZ4UMR.jpg",
  "DateTime": "2025-01-31T17:28:19.8921008-04:00",
  "Type": "Image",
  "Host": ""
},
{
  "FileName": "Aznxsx8t6I.jpg",
  "FilePath": "Q:\\ShareX\\Capturas\\Aznxsx8t6I.jpg",
  "DateTime": "2025-01-31T17:29:27.9140912-04:00",
  "Type": "Image",
  "Host": ""
},
{
  "FileName": "GWOUjGwYrh.jpg",
  "FilePath": "Q:\\ShareX\\Capturas\\GWOUjGwYrh.jpg",
  "DateTime": "2025-01-31T17:29:33.5670708-04:00",
  "Type": "Image",
  "Host": ""
},
{
  "FileName": "R9uCUVUAxv.jpg",
  "FilePath": "Q:\\ShareX\\Capturas\\R9uCUVUAxv.jpg",
  "DateTime": "2025-01-31T17:29:40.097352-04:00",
  "Type": "Image",
  "Host": ""
},
{
  "FileName": "Be7rXHoJPS.jpg",
  "FilePath": "Q:\\ShareX\\Capturas\\Be7rXHoJPS.jpg",
  "DateTime": "2025-01-31T17:29:52.5990723-04:00",
  "Type": "Image",
  "Host": ""
},
{
  "FileName": "MoWy4UUm2h.jpg",
  "FilePath": "Q:\\ShareX\\Capturas\\MoWy4UUm2h.jpg",
  "DateTime": "2025-01-31T17:33:18.8042612-04:00",
  "Type": "Image",
  "Host": ""
},
{
  "FileName": "xxnHiZEhqK.jpg",
  "FilePath": "Q:\\ShareX\\Capturas\\xxnHiZEhqK.jpg",
  "DateTime": "2025-01-31T17:37:56.9347814-04:00",
  "Type": "Image",
  "Host": ""
},
{
  "FileName": "3RukkvXhiA.jpg",
  "FilePath": "Q:\\ShareX\\Capturas\\3RukkvXhiA.jpg",
  "DateTime": "2025-01-31T17:38:14.4503822-04:00",
  "Type": "Image",
  "Host": ""
},
{
  "FileName": "WxF9lUYYJ1.jpg",
  "FilePath": "Q:\\ShareX\\Capturas\\WxF9lUYYJ1.jpg",
  "DateTime": "2025-01-31T17:38:36.0179825-04:00",
  "Type": "Image",
  "Host": ""
},
{
  "FileName": "caJo4WZ4Fl.jpg",
  "FilePath": "Q:\\ShareX\\Capturas\\caJo4WZ4Fl.jpg",
  "DateTime": "2025-01-31T17:39:28.1301407-04:00",
  "Type": "Image",
  "Host": ""
},
{
  "FileName": "Utc5ftFh8F.jpg",
  "FilePath": "Q:\\ShareX\\Capturas\\Utc5ftFh8F.jpg",
  "DateTime": "2025-01-31T17:41:28.4849261-04:00",
  "Type": "Image",
  "Host": ""
},
{
  "FileName": "qcHE4Ik5Tx.jpg",
  "FilePath": "Q:\\ShareX\\Capturas\\qcHE4Ik5Tx.jpg",
  "DateTime": "2025-01-31T18:09:05.2773772-04:00",
  "Type": "Image",
  "Host": ""
},
{
  "FileName": "CntZ0pljSY.jpg",
  "FilePath": "Q:\\ShareX\\Capturas\\CntZ0pljSY.jpg",
  "DateTime": "2025-01-31T18:14:42.0552822-04:00",
  "Type": "Image",
  "Host": ""
},
{
  "FileName": "Xi82xmZNFx.jpg",
  "FilePath": "Q:\\ShareX\\Capturas\\Xi82xmZNFx.jpg",
  "DateTime": "2025-01-31T18:15:19.9298708-04:00",
  "Type": "Image",
  "Host": ""
},
{
  "FileName": "bIoZRc9Qa1.jpg",
  "FilePath": "Q:\\ShareX\\Capturas\\bIoZRc9Qa1.jpg",
  "DateTime": "2025-01-31T18:27:22.4057121-04:00",
  "Type": "Image",
  "Host": ""
},
{
  "FileName": "13DqDMz7DN.jpg",
  "FilePath": "Q:\\ShareX\\Capturas\\13DqDMz7DN.jpg",
  "DateTime": "2025-02-01T12:20:29.1444891-04:00",
  "Type": "Image",
  "Host": ""
},
{
  "FileName": "Toolbox_qsc6q4q8GJ.png",
  "FilePath": "Q:\\ShareX\\ShareX\\Screenshots\\2025-02\\Toolbox_qsc6q4q8GJ.png",
  "DateTime": "2025-02-01T12:25:18.1297998-04:00",
  "Type": "Image",
  "Host": "Imgur",
  "URL": "https://i.imgur.com/6i0SDrU.png",
  "ThumbnailURL": "https://i.imgur.com/6i0SDrUm.jpg",
  "DeletionURL": "https://imgur.com/delete/DbWISYpOpMVdZNm",
  "Tags": {
    "WindowTitle": "Cuadro de herramientas de HP Deskjet 1000 J110 series",
    "ProcessName": "Toolbox"
  }
},
{
  "FileName": "Toolbox_E9xK1tp6bs.png",
  "DateTime": "2025-02-01T12:26:13.4051019-04:00",
  "Type": "Image",
  "Host": "Imgur",
  "URL": "https://i.imgur.com/7lfJky4.png",
  "ThumbnailURL": "https://i.imgur.com/7lfJky4m.jpg",
  "DeletionURL": "https://imgur.com/delete/ixCJlMVRi8T14AE",
  "Tags": {
    "WindowTitle": "Cuadro de herramientas de HP Deskjet 1000 J110 series",
    "ProcessName": "Toolbox"
  }
},
{
  "FileName": "vMM61OxZGm.jpg",
  "FilePath": "Q:\\ShareX\\Capturas\\vMM61OxZGm.jpg",
  "DateTime": "2025-02-01T12:39:57.4028941-04:00",
  "Type": "Image",
  "Host": ""
},
{
  "FileName": "chrome_q60OC0KLTJ.png",
  "DateTime": "2025-02-01T19:32:44.9035788-04:00",
  "Type": "Image",
  "Host": "Imgur",
  "URL": "https://i.imgur.com/VGOVFrS.png",
  "ThumbnailURL": "https://i.imgur.com/VGOVFrSm.jpg",
  "DeletionURL": "https://imgur.com/delete/VhhthNa3b9LgejJ",
  "Tags": {
    "WindowTitle": "(5) Marketplace - Multi cigarrera carros carga rápida multi voltaje 12-24vlts lo mejor para el mejor oferta 8$ | Facebook - Google Chrome",
    "ProcessName": "chrome"
  }
},
{
  "FileName": "2fA1uCMYcm.jpg",
  "FilePath": "Q:\\ShareX\\Capturas\\2fA1uCMYcm.jpg",
  "DateTime": "2025-02-01T21:13:42.3942965-04:00",
  "Type": "Image",
  "Host": ""
},
{
  "FileName": "sdLd6vt0A9.jpg",
  "FilePath": "Q:\\ShareX\\Capturas\\sdLd6vt0A9.jpg",
  "DateTime": "2025-02-01T21:50:58.8371237-04:00",
  "Type": "Image",
  "Host": ""
},
{
  "FileName": "kando_r5ogogOgkC.png",
  "DateTime": "2025-02-02T15:30:49.1571269-04:00",
  "Type": "Image",
  "Host": "Imgur",
  "URL": "https://i.imgur.com/DAjAYJv.png",
  "ThumbnailURL": "https://i.imgur.com/DAjAYJvm.jpg",
  "DeletionURL": "https://imgur.com/delete/cJqFT0bCc31b3q0",
  "Tags": {
    "WindowTitle": "Kando",
    "ProcessName": "kando"
  }
},
{
  "FileName": "ShareX_eYM99ZZSgn.png",
  "DateTime": "2025-02-02T15:30:49.2692292-04:00",
  "Type": "Image",
  "Host": "Imgur",
  "URL": "https://i.imgur.com/vujL7ME.jpeg",
  "ThumbnailURL": "https://i.imgur.com/vujL7MEm.jpg",
  "DeletionURL": "https://imgur.com/delete/61kQNeoLLeWOy9a",
  "Tags": {
    "WindowTitle": "ShareX - Captura de región",
    "ProcessName": "ShareX"
  }
},
{
  "FileName": "chrome_8yCtf72pdd.png",
  "DateTime": "2025-02-02T15:31:03.3053845-04:00",
  "Type": "Image",
  "Host": "Imgur",
  "URL": "https://i.imgur.com/jb8gXSI.png",
  "ThumbnailURL": "https://i.imgur.com/jb8gXSIm.jpg",
  "DeletionURL": "https://imgur.com/delete/24iHluEhiqB4TKy",
  "Tags": {
    "WindowTitle": "Adjustable 120W 220v 110v To 12V 15V 16V 18V 19V 20V 22V 24V Car Charger Universal AC DC Power Adapter Supply Usb Notebook - AliExpress - Google Chrome",
    "ProcessName": "chrome"
  }
},
{
  "FileName": "chrome_tedAOpXjXt.png",
  "DateTime": "2025-02-02T15:32:06.0113698-04:00",
  "Type": "Image",
  "Host": "Imgur",
  "URL": "https://i.imgur.com/T5xxDdb.png",
  "ThumbnailURL": "https://i.imgur.com/T5xxDdbm.jpg",
  "DeletionURL": "https://imgur.com/delete/VVdU94sZaBNhGOe",
  "Tags": {
    "WindowTitle": "Adjustable 120W 220v 110v To 12V 15V 16V 18V 19V 20V 22V 24V Car Charger Universal AC DC Power Adapter Supply Usb Notebook - AliExpress - Google Chrome",
    "ProcessName": "chrome"
  }
},
{
  "FileName": "OdrNOLA0Ip.jpg",
  "FilePath": "Q:\\ShareX\\Capturas\\OdrNOLA0Ip.jpg",
  "DateTime": "2025-02-02T20:34:27.0943578-04:00",
  "Type": "Image",
  "Host": ""
},
{
  "FileName": "0YZqm9yywF.jpg",
  "FilePath": "Q:\\ShareX\\Capturas\\0YZqm9yywF.jpg",
  "DateTime": "2025-02-02T20:42:19.4784712-04:00",
  "Type": "Image",
  "Host": ""
},
{
  "FileName": "ho4jbjYGYF.jpg",
  "FilePath": "Q:\\ShareX\\Capturas\\ho4jbjYGYF.jpg",
  "DateTime": "2025-02-02T20:42:53.9056818-04:00",
  "Type": "Image",
  "Host": ""
},
{
  "FileName": "MJ3zRQyStw.jpg",
  "FilePath": "Q:\\ShareX\\Capturas\\MJ3zRQyStw.jpg",
  "DateTime": "2025-02-02T20:43:30.2970135-04:00",
  "Type": "Image",
  "Host": ""
},
{
  "FileName": "aODw8IhqeB.jpg",
  "FilePath": "Q:\\ShareX\\Capturas\\aODw8IhqeB.jpg",
  "DateTime": "2025-02-02T20:43:46.2230495-04:00",
  "Type": "Image",
  "Host": ""
},
{
  "FileName": "lkKzMnnGvv.jpg",
  "FilePath": "Q:\\ShareX\\Capturas\\lkKzMnnGvv.jpg",
  "DateTime": "2025-02-02T20:44:00.9791823-04:00",
  "Type": "Image",
  "Host": ""
},
{
  "FileName": "W7VxAXHLw7.jpg",
  "FilePath": "Q:\\ShareX\\Capturas\\W7VxAXHLw7.jpg",
  "DateTime": "2025-02-02T20:45:00.2096691-04:00",
  "Type": "Image",
  "Host": ""
},
{
  "FileName": "ZyuwlmNVVd.jpg",
  "FilePath": "Q:\\ShareX\\Capturas\\ZyuwlmNVVd.jpg",
  "DateTime": "2025-02-02T20:49:09.8119196-04:00",
  "Type": "Image",
  "Host": ""
},
{
  "FileName": "ELFZv186b7.jpg",
  "FilePath": "Q:\\ShareX\\Capturas\\ELFZv186b7.jpg",
  "DateTime": "2025-02-02T20:54:31.0437558-04:00",
  "Type": "Image",
  "Host": ""
},
{
  "FileName": "NVOfYK9ud5.jpg",
  "FilePath": "Q:\\ShareX\\Capturas\\NVOfYK9ud5.jpg",
  "DateTime": "2025-02-02T21:29:53.2225918-04:00",
  "Type": "Image",
  "Host": ""
},
{
  "FileName": "XhyGmhRbN4.jpg",
  "FilePath": "Q:\\ShareX\\Capturas\\XhyGmhRbN4.jpg",
  "DateTime": "2025-02-02T21:57:01.7517478-04:00",
  "Type": "Image",
  "Host": ""
},
{
  "FileName": "fwEfzlRf9i.jpg",
  "FilePath": "Q:\\ShareX\\Capturas\\fwEfzlRf9i.jpg",
  "DateTime": "2025-02-02T21:57:07.8498721-04:00",
  "Type": "Image",
  "Host": ""
},
{
  "FileName": "TSEMURmxfB.jpg",
  "FilePath": "Q:\\ShareX\\Capturas\\TSEMURmxfB.jpg",
  "DateTime": "2025-02-02T22:30:49.834612-04:00",
  "Type": "Image",
  "Host": ""
},
{
  "FileName": "1IQC6QtRPm.jpg",
  "FilePath": "Q:\\ShareX\\Capturas\\1IQC6QtRPm.jpg",
  "DateTime": "2025-02-02T22:38:58.1895597-04:00",
  "Type": "Image",
  "Host": ""
},
{
  "FileName": "UBqsTDUy3j.jpg",
  "FilePath": "Q:\\ShareX\\Capturas\\UBqsTDUy3j.jpg",
  "DateTime": "2025-02-02T22:40:43.8342776-04:00",
  "Type": "Image",
  "Host": ""
},
{
  "FileName": "vK5zdQC4Xh.jpg",
  "FilePath": "Q:\\ShareX\\Capturas\\vK5zdQC4Xh.jpg",
  "DateTime": "2025-02-02T22:43:12.5480484-04:00",
  "Type": "Image",
  "Host": ""
},
{
  "FileName": "IjJlsuelnr.jpg",
  "FilePath": "Q:\\ShareX\\Capturas\\IjJlsuelnr.jpg",
  "DateTime": "2025-02-02T22:43:53.1245954-04:00",
  "Type": "Image",
  "Host": ""
},
{
  "FileName": "lCKggmNDwU.jpg",
  "FilePath": "Q:\\ShareX\\Capturas\\lCKggmNDwU.jpg",
  "DateTime": "2025-02-02T22:44:07.7226261-04:00",
  "Type": "Image",
  "Host": ""
},
{
  "FileName": "f5lUb6Baw9.jpg",
  "FilePath": "Q:\\ShareX\\Capturas\\f5lUb6Baw9.jpg",
  "DateTime": "2025-02-02T22:45:45.4228748-04:00",
  "Type": "Image",
  "Host": ""
},
{
  "FileName": "AhweUzTX1L.jpg",
  "FilePath": "Q:\\ShareX\\Capturas\\AhweUzTX1L.jpg",
  "DateTime": "2025-02-02T22:46:13.2986244-04:00",
  "Type": "Image",
  "Host": ""
},
{
  "FileName": "lbcxibgYPq.jpg",
  "FilePath": "Q:\\ShareX\\Capturas\\lbcxibgYPq.jpg",
  "DateTime": "2025-02-02T22:47:49.0383126-04:00",
  "Type": "Image",
  "Host": ""
},
{
  "FileName": "qe9qhhtfFr.jpg",
  "FilePath": "Q:\\ShareX\\Capturas\\qe9qhhtfFr.jpg",
  "DateTime": "2025-02-02T22:51:23.4004976-04:00",
  "Type": "Image",
  "Host": ""
},
{
  "FileName": "MdJj7cjDER.jpg",
  "FilePath": "Q:\\ShareX\\Capturas\\MdJj7cjDER.jpg",
  "DateTime": "2025-02-02T22:53:54.5149255-04:00",
  "Type": "Image",
  "Host": ""
},
{
  "FileName": "289dacRNZI.jpg",
  "FilePath": "Q:\\ShareX\\Capturas\\289dacRNZI.jpg",
  "DateTime": "2025-02-02T22:54:06.0789127-04:00",
  "Type": "Image",
  "Host": ""
},
{
  "FileName": "kvWSlWWzu1.jpg",
  "FilePath": "Q:\\ShareX\\Capturas\\kvWSlWWzu1.jpg",
  "DateTime": "2025-02-02T22:56:05.3800886-04:00",
  "Type": "Image",
  "Host": ""
},
{
  "FileName": "q30bBHCequ.jpg",
  "FilePath": "Q:\\ShareX\\Capturas\\q30bBHCequ.jpg",
  "DateTime": "2025-02-02T22:56:18.9642084-04:00",
  "Type": "Image",
  "Host": ""
},
{
  "FileName": "FineReader_kUATecAj4M.png",
  "DateTime": "2025-02-02T23:05:54.6767436-04:00",
  "Type": "Image",
  "Host": "Imgur",
  "URL": "https://i.imgur.com/TwFblzs.png",
  "ThumbnailURL": "https://i.imgur.com/TwFblzsm.jpg",
  "DeletionURL": "https://imgur.com/delete/NfJMQypI1g3SReH",
  "Tags": {
    "WindowTitle": "‎825893_Case03591147_20250124.pdf‎ - ABBYY FineReader PDF",
    "ProcessName": "FineReader"
  }
},
{
  "FileName": "946oJS5WoT.jpg",
  "FilePath": "Q:\\ShareX\\Capturas\\946oJS5WoT.jpg",
  "DateTime": "2025-02-02T23:06:08.4874252-04:00",
  "Type": "Image",
  "Host": ""
},
{
  "FileName": "Jk9GJbq1Ll.jpg",
  "FilePath": "Q:\\ShareX\\Capturas\\Jk9GJbq1Ll.jpg",
  "DateTime": "2025-02-02T23:06:19.6496501-04:00",
  "Type": "Image",
  "Host": ""
},
{
  "FileName": "q0gjw8Aod2.jpg",
  "FilePath": "Q:\\ShareX\\Capturas\\q0gjw8Aod2.jpg",
  "DateTime": "2025-02-02T23:08:40.1674596-04:00",
  "Type": "Image",
  "Host": ""
},
{
  "FileName": "7E9E2he24w.jpg",
  "FilePath": "Q:\\ShareX\\Capturas\\7E9E2he24w.jpg",
  "DateTime": "2025-02-02T23:09:15.8005147-04:00",
  "Type": "Image",
  "Host": ""
},
{
  "FileName": "wPNTUKwyKi.jpg",
  "FilePath": "Q:\\ShareX\\Capturas\\wPNTUKwyKi.jpg",
  "DateTime": "2025-02-02T23:09:27.0668654-04:00",
  "Type": "Image",
  "Host": ""
},
{
  "FileName": "wyXvbJTFcH.jpg",
  "FilePath": "Q:\\ShareX\\Capturas\\wyXvbJTFcH.jpg",
  "DateTime": "2025-02-02T23:09:29.4652335-04:00",
  "Type": "Image",
  "Host": ""
},
{
  "FileName": "pTiuJzHcSO.jpg",
  "FilePath": "Q:\\ShareX\\Capturas\\pTiuJzHcSO.jpg",
  "DateTime": "2025-02-02T23:11:03.6177955-04:00",
  "Type": "Image",
  "Host": ""
},
{
  "FileName": "nUiNVhg7Wm.jpg",
  "FilePath": "Q:\\ShareX\\Capturas\\nUiNVhg7Wm.jpg",
  "DateTime": "2025-02-02T23:13:40.3833825-04:00",
  "Type": "Image",
  "Host": ""
},
{
  "FileName": "yHX7YKJQ9T.jpg",
  "FilePath": "Q:\\ShareX\\Capturas\\yHX7YKJQ9T.jpg",
  "DateTime": "2025-02-02T23:14:32.5274218-04:00",
  "Type": "Image",
  "Host": ""
},
{
  "FileName": "RKXbZokzCp.jpg",
  "FilePath": "Q:\\ShareX\\Capturas\\RKXbZokzCp.jpg",
  "DateTime": "2025-02-02T23:14:43.0515602-04:00",
  "Type": "Image",
  "Host": ""
},
{
  "FileName": "dii5ed3P0z.jpg",
  "FilePath": "Q:\\ShareX\\Capturas\\dii5ed3P0z.jpg",
  "DateTime": "2025-02-02T23:14:48.9005088-04:00",
  "Type": "Image",
  "Host": ""
},
{
  "FileName": "VLhDQqhWMl.jpg",
  "FilePath": "Q:\\ShareX\\Capturas\\VLhDQqhWMl.jpg",
  "DateTime": "2025-02-02T23:14:59.1985927-04:00",
  "Type": "Image",
  "Host": ""
},
{
  "FileName": "22j2xKRNp4.jpg",
  "FilePath": "Q:\\ShareX\\Capturas\\22j2xKRNp4.jpg",
  "DateTime": "2025-02-02T23:15:59.2519227-04:00",
  "Type": "Image",
  "Host": ""
},
{
  "FileName": "XB0cGx7C6X.jpg",
  "FilePath": "Q:\\ShareX\\Capturas\\XB0cGx7C6X.jpg",
  "DateTime": "2025-02-03T09:50:47.3925515-04:00",
  "Type": "Image",
  "Host": ""
},
{
  "FileName": "eAZOYawOWo.jpg",
  "FilePath": "Q:\\ShareX\\Capturas\\eAZOYawOWo.jpg",
  "DateTime": "2025-02-03T09:54:59.2978634-04:00",
  "Type": "Image",
  "Host": ""
},
{
  "FileName": "fvflKpgL5B.jpg",
  "FilePath": "Q:\\ShareX\\Capturas\\fvflKpgL5B.jpg",
  "DateTime": "2025-02-03T10:02:30.9110378-04:00",
  "Type": "Image",
  "Host": ""
},
{
  "FileName": "aTPXVgNKXe.jpg",
  "FilePath": "Q:\\ShareX\\Capturas\\aTPXVgNKXe.jpg",
  "DateTime": "2025-02-03T10:30:09.6686898-04:00",
  "Type": "Image",
  "Host": ""
},
{
  "FileName": "Ov9Bn7hr4W.jpg",
  "FilePath": "Q:\\ShareX\\Capturas\\Ov9Bn7hr4W.jpg",
  "DateTime": "2025-02-03T12:16:31.1501416-04:00",
  "Type": "Image",
  "Host": ""
},
{
  "FileName": "0UYXXEoQjZ.jpg",
  "FilePath": "Q:\\ShareX\\Capturas\\0UYXXEoQjZ.jpg",
  "DateTime": "2025-02-03T12:19:30.2526768-04:00",
  "Type": "Image",
  "Host": ""
},
{
  "FileName": "QPwIrwokpu.jpg",
  "FilePath": "Q:\\ShareX\\Capturas\\QPwIrwokpu.jpg",
  "DateTime": "2025-02-03T12:19:40.8155447-04:00",
  "Type": "Image",
  "Host": ""
},
{
  "FileName": "aQu9hDH8qO.jpg",
  "FilePath": "Q:\\ShareX\\Capturas\\aQu9hDH8qO.jpg",
  "DateTime": "2025-02-03T12:19:53.6694807-04:00",
  "Type": "Image",
  "Host": ""
},
{
  "FileName": "4q9F9zLtsN.jpg",
  "FilePath": "Q:\\ShareX\\Capturas\\4q9F9zLtsN.jpg",
  "DateTime": "2025-02-03T12:20:52.3720486-04:00",
  "Type": "Image",
  "Host": ""
},
{
  "FileName": "VwXuac2NKJ.jpg",
  "FilePath": "Q:\\ShareX\\Capturas\\VwXuac2NKJ.jpg",
  "DateTime": "2025-02-03T12:21:01.4523175-04:00",
  "Type": "Image",
  "Host": ""
},
{
  "FileName": "Pr48BjFRHm.jpg",
  "FilePath": "Q:\\ShareX\\Capturas\\Pr48BjFRHm.jpg",
  "DateTime": "2025-02-03T12:21:10.2687478-04:00",
  "Type": "Image",
  "Host": ""
},
{
  "FileName": "AW4gpOhtDO.gif",
  "FilePath": "Q:\\ShareX\\ShareX\\Screenshots\\2025-02\\AW4gpOhtDO.gif",
  "DateTime": "2025-02-03T12:21:14.223801-04:00",
  "Type": "Image",
  "Host": "Imgur",
  "URL": "https://i.imgur.com/mu6o2vE.gif",
  "ThumbnailURL": "https://i.imgur.com/mu6o2vEm.jpg",
  "DeletionURL": "https://imgur.com/delete/GziFvlh56noV2PI",
  "Tags": {
    "ProcessName": "explorer"
  }
},
{
  "FileName": "hg0TggU5hx.jpg",
  "FilePath": "Q:\\ShareX\\Capturas\\hg0TggU5hx.jpg",
  "DateTime": "2025-02-03T12:22:24.9054492-04:00",
  "Type": "Image",
  "Host": ""
},
{
  "FileName": "98XeK399qO.jpg",
  "FilePath": "Q:\\ShareX\\Capturas\\98XeK399qO.jpg",
  "DateTime": "2025-02-03T12:22:33.9337973-04:00",
  "Type": "Image",
  "Host": ""
},
{
  "FileName": "zvjGP3X7TQ.jpg",
  "FilePath": "Q:\\ShareX\\Capturas\\zvjGP3X7TQ.jpg",
  "DateTime": "2025-02-03T12:22:40.6927808-04:00",
  "Type": "Image",
  "Host": ""
},
{
  "FileName": "GmW2Li8NLY.jpg",
  "FilePath": "Q:\\ShareX\\Capturas\\GmW2Li8NLY.jpg",
  "DateTime": "2025-02-03T12:23:25.2845338-04:00",
  "Type": "Image",
  "Host": ""
},
{
  "FileName": "AhOcgb3DRL.jpg",
  "FilePath": "Q:\\ShareX\\Capturas\\AhOcgb3DRL.jpg",
  "DateTime": "2025-02-03T12:23:32.0341575-04:00",
  "Type": "Image",
  "Host": ""
},
{
  "FileName": "H9vzzkaTM7.jpg",
  "FilePath": "Q:\\ShareX\\Capturas\\H9vzzkaTM7.jpg",
  "DateTime": "2025-02-03T12:23:40.6926751-04:00",
  "Type": "Image",
  "Host": ""
},
{
  "FileName": "FbJ9mBjNzE.png",
  "DateTime": "2025-02-03T12:24:35.4884577-04:00",
  "Type": "Image",
  "Host": "Imgur",
  "URL": "https://i.imgur.com/svPGsEc.png",
  "ThumbnailURL": "https://i.imgur.com/svPGsEcm.jpg",
  "DeletionURL": "https://imgur.com/delete/kvViEcdAIODoeYT",
  "Tags": {
    "ProcessName": "explorer"
  }
},
{
  "FileName": "ShareX_xhjigPea6F.png",
  "DateTime": "2025-02-03T12:24:43.7947755-04:00",
  "Type": "Image",
  "Host": "Imgur",
  "URL": "https://i.imgur.com/W5mlJPq.png",
  "ThumbnailURL": "https://i.imgur.com/W5mlJPqm.jpg",
  "DeletionURL": "https://imgur.com/delete/2A5lUqJdiINW4RI",
  "Tags": {
    "WindowTitle": "ShareX 16.1 Portable",
    "ProcessName": "ShareX"
  }
},
{
  "FileName": "tzf9qeQidh.png",
  "DateTime": "2025-02-03T12:25:53.2926764-04:00",
  "Type": "Image",
  "Host": "Imgur",
  "URL": "https://i.imgur.com/kDuitLk.png",
  "ThumbnailURL": "https://i.imgur.com/kDuitLkm.jpg",
  "DeletionURL": "https://imgur.com/delete/X4NIMK4EpxfC6ud",
  "Tags": {
    "ProcessName": "explorer"
  }
},
{
  "FileName": "A4Eg1aBmLy.jpg",
  "FilePath": "Q:\\ShareX\\Capturas\\A4Eg1aBmLy.jpg",
  "DateTime": "2025-02-03T12:26:15.398327-04:00",
  "Type": "Image",
  "Host": ""
},
{
  "FileName": "Zw5VRzQqNl.jpg",
  "FilePath": "Q:\\ShareX\\Capturas\\Zw5VRzQqNl.jpg",
  "DateTime": "2025-02-03T12:26:51.4777266-04:00",
  "Type": "Image",
  "Host": ""
},
{
  "FileName": "b3NzBLNzlY.jpg",
  "FilePath": "Q:\\ShareX\\Capturas\\b3NzBLNzlY.jpg",
  "DateTime": "2025-02-03T12:26:59.2189994-04:00",
  "Type": "Image",
  "Host": ""
},
{
  "FileName": "vryaqHTOAA.jpg",
  "FilePath": "Q:\\ShareX\\Capturas\\vryaqHTOAA.jpg",
  "DateTime": "2025-02-03T12:27:08.6311541-04:00",
  "Type": "Image",
  "Host": ""
},
{
  "FileName": "FineReader_R7rRDHAGCW.gif",
  "FilePath": "Q:\\ShareX\\ShareX\\Screenshots\\2025-02\\FineReader_R7rRDHAGCW.gif",
  "DateTime": "2025-02-03T12:27:43.1451975-04:00",
  "Type": "Image",
  "Host": "Imgur",
  "URL": "https://i.imgur.com/rK5JJly.gif",
  "ThumbnailURL": "https://i.imgur.com/rK5JJlym.jpg",
  "DeletionURL": "https://imgur.com/delete/npi5YY2aisN102E",
  "Tags": {
    "WindowTitle": "‎Noelani K Baysa_Case03980751_20250130.pdf‎ - ABBYY FineReader PDF",
    "ProcessName": "FineReader"
  }
},
{
  "FileName": "mtjaREi3bZ.jpg",
  "FilePath": "Q:\\ShareX\\Capturas\\mtjaREi3bZ.jpg",
  "DateTime": "2025-02-03T12:32:14.4802426-04:00",
  "Type": "Image",
  "Host": ""
},
{
  "FileName": "SY84mf22yw.jpg",
  "FilePath": "Q:\\ShareX\\Capturas\\SY84mf22yw.jpg",
  "DateTime": "2025-02-03T12:39:34.1261778-04:00",
  "Type": "Image",
  "Host": ""
},
{
  "FileName": "f1nqJ3IZAQ.jpg",
  "FilePath": "Q:\\ShareX\\Capturas\\f1nqJ3IZAQ.jpg",
  "DateTime": "2025-02-03T12:39:46.3149687-04:00",
  "Type": "Image",
  "Host": ""
},
{
  "FileName": "HwewS1gz9F.jpg",
  "FilePath": "Q:\\ShareX\\Capturas\\HwewS1gz9F.jpg",
  "DateTime": "2025-02-03T12:54:15.9477654-04:00",
  "Type": "Image",
  "Host": ""
},
{
  "FileName": "bUCtyJIa79.jpg",
  "FilePath": "Q:\\ShareX\\Capturas\\bUCtyJIa79.jpg",
  "DateTime": "2025-02-03T12:56:21.8359193-04:00",
  "Type": "Image",
  "Host": ""
},
{
  "FileName": "prm1eOhqLP.jpg",
  "FilePath": "Q:\\ShareX\\Capturas\\prm1eOhqLP.jpg",
  "DateTime": "2025-02-03T12:58:59.4613416-04:00",
  "Type": "Image",
  "Host": ""
},
{
  "FileName": "hE0AiyNFY3.jpg",
  "FilePath": "Q:\\ShareX\\Capturas\\hE0AiyNFY3.jpg",
  "DateTime": "2025-02-03T13:01:11.2296879-04:00",
  "Type": "Image",
  "Host": ""
},
{
  "FileName": "0dwPlkg5Ge.jpg",
  "FilePath": "Q:\\ShareX\\Capturas\\0dwPlkg5Ge.jpg",
  "DateTime": "2025-02-03T13:01:22.3039721-04:00",
  "Type": "Image",
  "Host": ""
},
{
  "FileName": "pXBranxcqm.jpg",
  "FilePath": "Q:\\ShareX\\Capturas\\pXBranxcqm.jpg",
  "DateTime": "2025-02-03T13:01:30.7234818-04:00",
  "Type": "Image",
  "Host": ""
},
{
  "FileName": "VU4jAlbEKe.jpg",
  "FilePath": "Q:\\ShareX\\Capturas\\VU4jAlbEKe.jpg",
  "DateTime": "2025-02-03T13:03:25.5601904-04:00",
  "Type": "Image",
  "Host": ""
},
{
  "FileName": "8dXSXKwZf8.jpg",
  "FilePath": "Q:\\ShareX\\Capturas\\8dXSXKwZf8.jpg",
  "DateTime": "2025-02-03T13:03:41.5280023-04:00",
  "Type": "Image",
  "Host": ""
},
{
  "FileName": "Ad60nwIzzM.jpg",
  "FilePath": "Q:\\ShareX\\Capturas\\Ad60nwIzzM.jpg",
  "DateTime": "2025-02-03T13:04:31.7296258-04:00",
  "Type": "Image",
  "Host": ""
},
{
  "FileName": "Cer0Vfu6ZX.jpg",
  "FilePath": "Q:\\ShareX\\Capturas\\Cer0Vfu6ZX.jpg",
  "DateTime": "2025-02-03T13:04:52.3225183-04:00",
  "Type": "Image",
  "Host": ""
},
{
  "FileName": "vFDF1XKpsr.jpg",
  "FilePath": "Q:\\ShareX\\Capturas\\vFDF1XKpsr.jpg",
  "DateTime": "2025-02-03T13:08:14.7166234-04:00",
  "Type": "Image",
  "Host": ""
},
{
  "FileName": "e08zsYGwxm.jpg",
  "FilePath": "Q:\\ShareX\\Capturas\\e08zsYGwxm.jpg",
  "DateTime": "2025-02-03T13:10:44.6204364-04:00",
  "Type": "Image",
  "Host": ""
},
{
  "FileName": "DfUQFteOAa.jpg",
  "FilePath": "Q:\\ShareX\\Capturas\\DfUQFteOAa.jpg",
  "DateTime": "2025-02-03T13:10:58.1867184-04:00",
  "Type": "Image",
  "Host": ""
},
{
  "FileName": "ML6RVmMguP.jpg",
  "FilePath": "Q:\\ShareX\\Capturas\\ML6RVmMguP.jpg",
  "DateTime": "2025-02-03T13:11:15.4866486-04:00",
  "Type": "Image",
  "Host": ""
},
{
  "FileName": "Qxtuzu9kbd.jpg",
  "FilePath": "Q:\\ShareX\\Capturas\\Qxtuzu9kbd.jpg",
  "DateTime": "2025-02-03T13:11:26.5037672-04:00",
  "Type": "Image",
  "Host": ""
},
{
  "FileName": "mOwhR4F6HF.jpg",
  "FilePath": "Q:\\ShareX\\Capturas\\mOwhR4F6HF.jpg",
  "DateTime": "2025-02-03T13:11:27.6568378-04:00",
  "Type": "Image",
  "Host": ""
},
{
  "FileName": "Z3VdqC6T1f.jpg",
  "FilePath": "Q:\\ShareX\\Capturas\\Z3VdqC6T1f.jpg",
  "DateTime": "2025-02-03T13:24:24.0689865-04:00",
  "Type": "Image",
  "Host": ""
},
{
  "FileName": "IYixToF4qo.jpg",
  "FilePath": "Q:\\ShareX\\Capturas\\IYixToF4qo.jpg",
  "DateTime": "2025-02-03T14:09:24.6912438-04:00",
  "Type": "Image",
  "Host": ""
},
{
  "FileName": "s6R0sVDG2d.jpg",
  "FilePath": "Q:\\ShareX\\Capturas\\s6R0sVDG2d.jpg",
  "DateTime": "2025-02-03T14:09:40.8353182-04:00",
  "Type": "Image",
  "Host": ""
}