{
  "Hotkeys": [
    {
      "HotkeyInfo": {
        "Hotkey": "PrintScreen",
        "Win": false
      },
      "TaskSettings": {
        "Description": "",
        "Job": "RectangleLight",
        "UseDefaultAfterCaptureJob": false,
        "AfterCaptureJob": "CopyImageToClipboard",
        "UseDefaultAfterUploadJob": false,
        "AfterUploadJob": "None",
        "UseDefaultDestinations": false,
        "ImageDestination": "Imgur",
        "ImageFileDestination": "Dropbox",
        "TextDestination": "Pastebin",
        "TextFileDestination": "Dropbox",
        "FileDestination": "Dropbox",
        "URLShortenerDestination": "BITLY",
        "URLSharingServiceDestination": "GoogleImageSearch",
        "OverrideFTP": false,
        "FTPIndex": 0,
        "OverrideCustomUploader": false,
        "CustomUploaderIndex": 0,
        "OverrideScreenshotsFolder": true,
        "ScreenshotsFolder": "",
        "UseDefaultGeneralSettings": false,
        "GeneralSettings": {
          "PlaySoundAfterCapture": true,
          "PlaySoundAfterUpload": true,
          "PlaySoundAfterAction": true,
          "ShowToastNotificationAfterTaskCompleted": true,
          "ToastWindowDuration": 2.0,
          "ToastWindowFadeDuration": 0.5,
          "ToastWindowPlacement": "BottomRight",
          "ToastWindowSize": "400, 300",
          "ToastWindowLeftClickAction": "OpenUrl",
          "ToastWindowRightClickAction": "CloseNotification",
          "ToastWindowMiddleClickAction": "AnnotateImage",
          "ToastWindowAutoHide": true,
          "DisableNotificationsOnFullscreen": false,
          "UseCustomCaptureSound": false,
          "CustomCaptureSoundPath": "",
          "UseCustomTaskCompletedSound": false,
          "CustomTaskCompletedSoundPath": "",
          "UseCustomActionCompletedSound": false,
          "CustomActionCompletedSoundPath": "",
          "UseCustomErrorSound": false,
          "CustomErrorSoundPath": ""
        },
        "UseDefaultImageSettings": false,
        "ImageSettings": {
          "ImageFormat": "JPEG",
          "ImagePNGBitDepth": "Default",
          "ImageJPEGQuality": 100,
          "ImageGIFQuality": "Default",
          "ImageAutoUseJPEG": true,
          "ImageAutoUseJPEGSize": 2048,
          "ImageAutoJPEGQuality": false,
          "FileExistAction": "Ask",
          "ImageEffectPresets": [
            {
              "Name": "",
              "Effects": [
                {
                  "$type": "ShareX.ImageEffectsLib.Canvas, ShareX.ImageEffectsLib",
                  "Margin": "0, 0, 0, 30",
                  "MarginMode": "AbsoluteSize",
                  "Color": "Transparent",
                  "Enabled": true
                },
                {
                  "$type": "ShareX.ImageEffectsLib.DrawText, ShareX.ImageEffectsLib",
                  "Text": "Text watermark",
                  "Placement": "BottomRight",
                  "Offset": "0, 0",
                  "AutoHide": false,
                  "TextFont": "Arial, 11.25pt",
                  "TextRenderingMode": "SystemDefault",
                  "TextColor": "235, 235, 235",
                  "DrawTextShadow": true,
                  "TextShadowColor": "Black",
                  "TextShadowOffset": "-1, -1",
                  "CornerRadius": 4,
                  "Padding": "5, 5, 5, 5",
                  "DrawBorder": true,
                  "BorderColor": "Black",
                  "BorderSize": 1,
                  "DrawBackground": true,
                  "BackgroundColor": "42, 47, 56",
                  "UseGradient": true,
                  "Gradient": {
                    "Type": "Vertical",
                    "Colors": [
                      {
                        "Color": "68, 120, 194",
                        "Location": 0.0
                      },
                      {
                        "Color": "13, 58, 122",
                        "Location": 50.0
                      },
                      {
                        "Color": "6, 36, 78",
                        "Location": 50.0
                      },
                      {
                        "Color": "23, 89, 174",
                        "Location": 100.0
                      }
                    ]
                  },
                  "Enabled": true
                }
              ]
            }
          ],
          "SelectedImageEffectPreset": 0,
          "ShowImageEffectsWindowAfterCapture": false,
          "ImageEffectOnlyRegionCapture": false,
          "UseRandomImageEffect": false,
          "ThumbnailWidth": 200,
          "ThumbnailHeight": 0,
          "ThumbnailName": "-thumbnail",
          "ThumbnailCheckSize": false
        },
        "UseDefaultCaptureSettings": false,
        "CaptureSettings": {
          "ShowCursor": false,
          "ScreenshotDelay": 0.0,
          "CaptureTransparent": false,
          "CaptureShadow": true,
          "CaptureShadowOffset": 100,
          "CaptureClientArea": false,
          "CaptureAutoHideTaskbar": false,
          "CaptureAutoHideDesktopIcons": false,
          "CaptureCustomRegion": "0, 0, 0, 0",
          "CaptureCustomWindow": "",
          "SurfaceOptions": {
            "QuickCrop": true,
            "MinimumSize": 5,
            "RegionCaptureActionRightClick": "RemoveShapeCancelCapture",
            "RegionCaptureActionMiddleClick": "SwapToolType",
            "RegionCaptureActionX1Click": "CaptureFullscreen",
            "RegionCaptureActionX2Click": "CaptureActiveMonitor",
            "DetectWindows": true,
            "DetectControls": true,
            "UseDimming": true,
            "BackgroundDimStrength": 10,
            "UseCustomInfoText": false,
            "CustomInfoText": "X: $x, Y: $y$nR: $r, G: $g, B: $b$nHex: $hex",
            "SnapSizes": [
              {
                "Width": 426,
                "Height": 240
              },
              {
                "Width": 640,
                "Height": 360
              },
              {
                "Width": 854,
                "Height": 480
              },
              {
                "Width": 1280,
                "Height": 720
              },
              {
                "Width": 1920,
                "Height": 1080
              }
            ],
            "ShowInfo": true,
            "ShowMagnifier": true,
            "UseSquareMagnifier": false,
            "MagnifierPixelCount": 15,
            "MagnifierPixelSize": 10,
            "ShowCrosshair": false,
            "UseLightResizeNodes": false,
            "EnableAnimations": true,
            "IsFixedSize": false,
            "FixedSize": "250, 250",
            "ShowFPS": false,
            "FPSLimit": 100,
            "MenuIconSize": 0,
            "MenuLocked": false,
            "RememberMenuState": false,
            "MenuCollapsed": false,
            "MenuPosition": "0, 0",
            "InputDelay": 500,
            "SwitchToDrawingToolAfterSelection": false,
            "SwitchToSelectionToolAfterDrawing": false,
            "ActiveMonitorMode": false,
            "AnnotationOptions": {
              "ImageInterpolationMode": "NearestNeighbor",
              "StickerPacks": [
                {
                  "FolderPath": "Stickers\\BlobEmoji",
                  "Name": "Blob Emoji"
                }
              ],
              "SelectedStickerPack": 0,
              "RegionCornerRadius": 0,
              "BorderColor": "242, 60, 60",
              "BorderSize": 4,
              "BorderStyle": "Solid",
              "FillColor": "0, 0, 0, 0",
              "DrawingCornerRadius": 3,
              "Shadow": true,
              "ShadowColor": "125, 0, 0, 0",
              "ShadowOffset": "0, 1",
              "LineCenterPointCount": 1,
              "ArrowHeadDirection": "End",
              "TextOutlineOptions": {
                "Font": "Arial",
                "Size": 25,
                "Color": "White",
                "Bold": true,
                "Italic": false,
                "Underline": false,
                "AlignmentHorizontal": "Center",
                "AlignmentVertical": "Center",
                "Gradient": false,
                "Color2": "ButtonFace",
                "GradientMode": "Vertical",
                "EnterKeyNewLine": false
              },
              "TextOutlineBorderColor": "242, 60, 60",
              "TextOutlineBorderSize": 5,
              "TextOptions": {
                "Font": "Arial",
                "Size": 18,
                "Color": "White",
                "Bold": false,
                "Italic": false,
                "Underline": false,
                "AlignmentHorizontal": "Center",
                "AlignmentVertical": "Center",
                "Gradient": false,
                "Color2": "ButtonFace",
                "GradientMode": "Vertical",
                "EnterKeyNewLine": false
              },
              "TextBorderColor": "White",
              "TextBorderSize": 0,
              "TextFillColor": "242, 60, 60",
              "LastImageFilePath": null,
              "StepBorderColor": "White",
              "StepBorderSize": 0,
              "StepFillColor": "242, 60, 60",
              "StepFontSize": 18,
              "StepType": "Numbers",
              "MagnifyStrength": 200,
              "StickerSize": 64,
              "LastStickerPath": null,
              "BlurRadius": 35,
              "PixelateSize": 15,
              "HighlightColor": "Yellow",
              "CutOutEffectType": "None",
              "CutOutEffectSize": 10,
              "CutOutBackgroundColor": "Transparent"
            },
            "LastRegionTool": "RegionRectangle",
            "LastAnnotationTool": "DrawingRectangle",
            "LastEditorTool": "DrawingRectangle",
            "ImageEditorStartMode": "AutoSize",
            "ImageEditorWindowState": {
              "Location": "0, 0",
              "Size": "0, 0",
              "IsMaximized": false
            },
            "ZoomToFitOnOpen": false,
            "EditorAutoCopyImage": false,
            "AutoCloseEditorOnTask": false,
            "ShowEditorPanTip": true,
            "ImageEditorResizeInterpolationMode": "Bicubic",
            "EditorNewImageSize": "800, 600",
            "EditorNewImageTransparent": false,
            "EditorNewImageBackgroundColor": "White",
            "EditorCanvasColor": "Transparent",
            "ImageEffectPresets": [],
            "SelectedImageEffectPreset": 0,
            "ColorPickerOptions": {
              "RecentColorsSelected": true
            },
            "ScreenColorPickerInfoText": ""
          },
          "FFmpegOptions": {
            "OverrideCLIPath": false,
            "CLIPath": "",
            "VideoSource": "gdigrab",
            "AudioSource": "",
            "VideoCodec": "libx264",
            "AudioCodec": "libvoaacenc",
            "UserArgs": "",
            "UseCustomCommands": false,
            "CustomCommands": "",
            "x264_Preset": "ultrafast",
            "x264_CRF": 28,
            "x264_Use_Bitrate": false,
            "x264_Bitrate": 3000,
            "VPx_Bitrate": 3000,
            "XviD_QScale": 10,
            "NVENC_Preset": "p4",
            "NVENC_Tune": "ll",
            "NVENC_Bitrate": 3000,
            "GIFStatsMode": "full",
            "GIFDither": "sierra2_4a",
            "GIFBayerScale": 2,
            "AMF_Usage": "lowlatency",
            "AMF_Quality": "speed",
            "AMF_Bitrate": 3000,
            "QSV_Preset": "fast",
            "QSV_Bitrate": 3000,
            "AAC_Bitrate": 128,
            "Opus_Bitrate": 128,
            "Vorbis_QScale": 3,
            "MP3_QScale": 4
          },
          "ScreenRecordFPS": 30,
          "GIFFPS": 15,
          "ScreenRecordShowCursor": true,
          "ScreenRecordAutoStart": true,
          "ScreenRecordStartDelay": 0.0,
          "ScreenRecordFixedDuration": false,
          "ScreenRecordDuration": 3.0,
          "ScreenRecordTwoPassEncoding": false,
          "ScreenRecordAskConfirmationOnAbort": false,
          "ScreenRecordTransparentRegion": false,
          "ScrollingCaptureOptions": {
            "StartDelay": 300,
            "AutoScrollTop": false,
            "ScrollDelay": 300,
            "ScrollMethod": "MouseWheel",
            "ScrollAmount": 2,
            "AutoIgnoreBottomEdge": true,
            "AutoUpload": false,
            "ShowRegion": true
          },
          "OCROptions": {
            "Language": "en-US",
            "ScaleFactor": 2.0,
            "SingleLine": false,
            "Silent": false,
            "AutoCopy": false,
            "ServiceLinks": [
              {
                "Name": "Google Translate",
                "URL": "https://translate.google.com/?sl=auto&tl=en&text={0}&op=translate"
              },
              {
                "Name": "Google Search",
                "URL": "https://www.google.com/search?q={0}"
              },
              {
                "Name": "Google Images",
                "URL": "https://www.google.com/search?q={0}&tbm=isch"
              },
              {
                "Name": "Bing",
                "URL": "https://www.bing.com/search?q={0}"
              },
              {
                "Name": "DuckDuckGo",
                "URL": "https://duckduckgo.com/?q={0}"
              },
              {
                "Name": "DeepL",
                "URL": "https://www.deepl.com/translator#auto/en/{0}"
              }
            ],
            "CloseWindowAfterOpeningServiceLink": false,
            "SelectedServiceLink": 0
          }
        },
        "UseDefaultUploadSettings": true,
        "UploadSettings": null,
        "UseDefaultActions": false,
        "ExternalPrograms": [
          {
            "IsActive": false,
            "Name": "Paint",
            "Path": "C:\\Windows\\system32\\mspaint.exe",
            "Args": "\"$input\"",
            "OutputExtension": null,
            "Extensions": null,
            "HiddenWindow": false,
            "DeleteInputFile": false
          },
          {
            "IsActive": false,
            "Name": "Adobe Photoshop",
            "Path": "C:\\Program Files\\Adobe\\Adobe Photoshop CC 2017\\Photoshop.exe",
            "Args": "\"$input\"",
            "OutputExtension": null,
            "Extensions": null,
            "HiddenWindow": false,
            "DeleteInputFile": false
          },
          {
            "IsActive": true,
            "Name": "lens",
            "Path": "C:\\Program Files\\nodejs\\node.exe",
            "Args": "\"Q:\\ShareX\\chrome-lens-ocr-main\\sharex.js\" \"$input\" -f",
            "OutputExtension": "",
            "Extensions": "",
            "HiddenWindow": true,
            "DeleteInputFile": false
          }
        ],
        "UseDefaultToolsSettings": true,
        "ToolsSettings": null,
        "UseDefaultAdvancedSettings": true,
        "AdvancedSettings": null,
        "WatchFolderEnabled": false,
        "WatchFolderList": []
      }
    }
  ],
  "ApplicationVersion": "18.0.1"
}